Residue	(nm)
162.0	0.6662
163.0	0.5197
164.0	0.5026
165.0	0.1978
166.0	0.1609
167.0	0.1265
168.0	0.1152
169.0	0.1256
170.0	0.1691
171.0	0.27
172.0	0.162
173.0	0.0824
174.0	0.1299
175.0	0.1388
176.0	0.0933
177.0	0.0822
178.0	0.1416
179.0	0.1578
180.0	0.0964
181.0	0.1242
182.0	0.1791
183.0	0.1576
184.0	0.1362
185.0	0.1544
186.0	0.184
187.0	0.1874
188.0	0.1551
189.0	0.1145
190.0	0.0869
191.0	0.1303
192.0	0.1187
193.0	0.1496
194.0	0.2115
195.0	0.2658
196.0	0.2186
197.0	0.183
198.0	0.1123
199.0	0.1146
200.0	0.0924
201.0	0.0797
202.0	0.0888
203.0	0.0629
204.0	0.1263
205.0	0.1216
206.0	0.1717
207.0	0.1916
208.0	0.1225
209.0	0.081
210.0	0.0648
211.0	0.0552
212.0	0.0752
213.0	0.0764
214.0	0.1243
215.0	0.1292
216.0	0.16
222.0	0.1846
223.0	0.202
224.0	0.2411
225.0	0.1756
226.0	0.1553
227.0	0.2151
228.0	0.2073
229.0	0.1245
230.0	0.088
231.0	0.1285
232.0	0.142
233.0	0.0877
234.0	0.0995
235.0	0.1743
236.0	0.1262
237.0	0.1545
238.0	0.2176
239.0	0.3128
240.0	0.1778
241.0	0.1837
242.0	0.0926
243.0	0.1557
244.0	0.0682
245.0	0.0975
246.0	0.0908
247.0	0.1296
248.0	0.097
249.0	0.1073
250.0	0.0602
251.0	0.1237
252.0	0.0956
253.0	0.1436
254.0	0.2149
255.0	0.2072
256.0	0.2842
257.0	0.1874
258.0	0.1248
259.0	0.0817
260.0	0.0672
261.0	0.058
262.0	0.0867
263.0	0.1142
264.0	0.0693
265.0	0.0791
266.0	0.0696
267.0	0.0857
268.0	0.0557
269.0	0.0564
270.0	0.0575
271.0	0.0674
272.0	0.088
273.0	0.0707
274.0	0.0656
275.0	0.0814
276.0	0.0829
277.0	0.1273
278.0	0.183
279.0	0.1155
280.0	0.0933
281.0	0.0928
282.0	0.0841
283.0	0.0733
284.0	0.0937
285.0	0.0777
286.0	0.179
287.0	0.1474
288.0	0.0576
289.0	0.0705
290.0	0.112
291.0	0.0592
292.0	0.0559
293.0	0.149
294.0	0.0592
295.0	0.0613
296.0	0.0589
297.0	0.0892
298.0	0.0643
299.0	0.0699
300.0	0.0821
301.0	0.1066
302.0	0.095
303.0	0.1893
304.0	0.1472
305.0	0.1164
306.0	0.1845
307.0	0.1357
308.0	0.1067
309.0	0.064
310.0	0.0804
311.0	0.0719
312.0	0.0619
313.0	0.0709
314.0	0.0493
315.0	0.0587
316.0	0.0706
317.0	0.0723
318.0	0.0743
319.0	0.0853
320.0	0.1143
321.0	0.1557
322.0	0.1199
323.0	0.157
324.0	0.0969
325.0	0.0649
326.0	0.0899
327.0	0.0788
328.0	0.0679
329.0	0.1027
330.0	0.2105
331.0	0.0859
332.0	0.106
333.0	0.0804
334.0	0.2111
335.0	0.1103
336.0	0.1362
342.0	0.1944
343.0	0.1912
344.0	0.2816
345.0	0.2031
346.0	0.2497
347.0	0.2261
348.0	0.1676
349.0	0.1759
350.0	0.1296
351.0	0.131
352.0	0.1181
353.0	0.0751
354.0	0.0555
355.0	0.1212
356.0	0.088
357.0	0.0994
358.0	0.0853
359.0	0.1002
360.0	0.1373
361.0	0.1734
362.0	0.1107
363.0	0.1879
364.0	0.1682
365.0	0.1106
366.0	0.118
367.0	0.0887
368.0	0.0647
369.0	0.0689
370.0	0.0739
371.0	0.059
372.0	0.0459
373.0	0.0588
374.0	0.0415
375.0	0.0521
376.0	0.0533
377.0	0.0617
378.0	0.0816
379.0	0.0716
380.0	0.0815
381.0	0.0866
382.0	0.0598
383.0	0.0667
384.0	0.0799
385.0	0.0768
386.0	0.0675
387.0	0.1024
388.0	0.1276
389.0	0.2111
390.0	0.2492
391.0	0.1186
392.0	0.2224
393.0	0.1404
394.0	0.149
395.0	0.1053
396.0	0.1025
397.0	0.112
398.0	0.1377
399.0	0.1543
400.0	0.1534
401.0	0.1719
402.0	0.1703
403.0	0.1242
404.0	0.2
405.0	0.1962
406.0	0.2036
407.0	0.2306
408.0	0.1701
409.0	0.138
410.0	0.119
411.0	0.1664
412.0	0.1515
413.0	0.1113
414.0	0.1212
415.0	0.0712
416.0	0.2229
417.0	0.1471
418.0	0.1096
419.0	0.1865
420.0	0.1322
421.0	0.0952
422.0	0.1592
423.0	0.1332
424.0	0.1269
425.0	0.0983
426.0	0.0973
427.0	0.1232
428.0	0.078
429.0	0.0828
430.0	0.073
431.0	0.0775
432.0	0.0882
433.0	0.0569
434.0	0.0805
435.0	0.1308
436.0	0.0568
437.0	0.0708
438.0	0.139
439.0	0.1839
440.0	0.1542
441.0	0.1589
442.0	0.2171
443.0	0.1858
444.0	0.0697
445.0	0.0701
446.0	0.1208
447.0	0.0763
448.0	0.1759
449.0	0.1434
450.0	0.0689
451.0	0.1061
452.0	0.1708
453.0	0.1054
454.0	0.0804
455.0	0.1853
456.0	0.2082
457.0	0.1837
458.0	0.2887
459.0	0.4113
460.0	0.583
